<?xml version="1.0" encoding="UTF-8"?>
<project-private xmlns="http://www.netbeans.org/ns/project-private/1">
    <editor-bookmarks xmlns="http://www.netbeans.org/ns/editor-bookmarks/2" lastBookmarkId="0"/>
    <open-files xmlns="http://www.netbeans.org/ns/projectui-open-files/2">
        <group>
            <file>file:/D:/RedNeuronal(con%20objeto%20e%20interfaz)/src/NeuralNetwork.java</file>
            <file>file:/D:/RedNeuronal(con%20objeto%20e%20interfaz)/src/Red.java</file>
            <file>file:/D:/RedNeuronal(con%20objeto%20e%20interfaz)/src/GUIRed.java</file>
        </group>
    </open-files>
</project-private>
